Request_ID,Waste_ID,Collector_ID,Status,Timestamp
1,245,493,Picked,2025-02-08 22:20:05
2,827,758,Cancelled,2024-01-05 17:58:51
3,211,410,Confirmed,2025-07-14 04:52:47
4,846,7,Picked,2024-12-24 05:02:26
5,11,76,Picked,2024-04-04 14:12:39
6,31,569,Pending,2024-11-22 03:55:05
7,146,298,Cancelled,2025-06-21 05:36:33
8,200,647,Picked,2025-07-10 00:59:26
9,45,999,Pending,2025-08-30 17:01:49
10,204,203,Picked,2024-04-18 03:06:08
11,179,225,Picked,2025-07-18 21:16:18
12,737,179,Picked,2023-11-23 13:11:29
13,868,568,Confirmed,2025-06-01 08:13:53
14,183,201,Pending,2024-06-14 20:31:30
15,181,864,Picked,2025-06-16 04:39:22
16,933,104,Pending,2025-07-18 08:10:57
17,852,694,Confirmed,2024-04-12 11:10:46
18,389,671,Pending,2023-12-12 02:44:21
19,347,959,Confirmed,2025-03-11 23:54:09
20,313,468,Confirmed,2023-11-25 03:06:57
21,379,829,Picked,2025-04-03 21:31:03
22,677,176,Cancelled,2025-08-17 08:26:03
23,900,729,Pending,2024-11-06 19:15:57
24,122,148,Confirmed,2025-01-06 08:30:04
25,814,195,Confirmed,2024-02-10 00:19:11
26,546,388,Picked,2024-03-29 09:11:58
27,326,614,Cancelled,2023-11-13 14:51:23
28,652,251,Pending,2024-10-11 02:25:56
29,782,631,Confirmed,2025-07-02 09:43:53
30,875,549,Picked,2024-03-30 11:54:56
31,809,153,Picked,2023-12-03 18:58:16
32,254,55,Picked,2024-03-29 20:00:15
33,894,130,Cancelled,2025-01-01 17:09:45
34,215,745,Pending,2024-09-26 06:14:42
35,804,482,Pending,2024-01-21 17:18:28
36,172,521,Cancelled,2024-12-16 23:03:10
37,770,904,Picked,2024-11-26 02:03:20
38,511,532,Cancelled,2024-11-09 09:35:47
39,184,330,Picked,2024-10-03 10:08:24
40,539,712,Cancelled,2025-06-28 01:15:54
41,733,979,Cancelled,2024-02-19 09:26:02
42,486,275,Cancelled,2024-11-16 21:28:36
43,654,944,Pending,2024-09-16 18:16:11
44,213,225,Confirmed,2025-09-24 02:28:15
45,463,884,Confirmed,2024-09-25 05:15:52
46,406,224,Picked,2023-11-28 11:42:05
47,436,911,Cancelled,2024-03-14 07:31:32
48,586,161,Picked,2025-09-12 05:09:36
49,261,564,Pending,2025-05-06 01:02:53
50,138,770,Pending,2023-11-03 15:05:46
51,303,456,Picked,2024-05-24 23:32:27
52,236,598,Pending,2024-01-20 04:40:20
53,477,525,Picked,2025-07-26 18:31:14
54,437,462,Cancelled,2024-03-31 10:09:48
55,443,419,Picked,2024-10-31 01:35:13
56,824,510,Picked,2024-10-01 05:07:49
57,280,392,Pending,2025-03-06 18:16:24
58,184,453,Confirmed,2024-08-07 21:50:53
59,272,661,Pending,2024-10-28 15:05:34
60,368,924,Pending,2025-08-29 06:32:40
61,302,863,Pending,2023-10-20 09:10:18
62,805,284,Confirmed,2025-04-30 21:52:39
63,101,122,Pending,2025-01-01 05:37:45
64,369,40,Confirmed,2023-10-08 06:00:16
65,342,202,Picked,2023-10-13 19:38:30
66,257,310,Picked,2025-04-30 15:23:38
67,196,723,Confirmed,2025-09-30 20:33:16
68,876,771,Picked,2024-10-12 22:44:50
69,9,789,Picked,2025-06-25 16:29:40
70,289,843,Picked,2025-03-09 11:01:31
71,802,414,Cancelled,2025-04-28 09:25:07
72,842,594,Pending,2024-09-23 08:14:17
73,484,670,Confirmed,2025-01-23 20:24:27
74,887,408,Confirmed,2024-08-29 11:47:00
75,233,741,Confirmed,2024-05-08 17:24:31
76,486,240,Cancelled,2024-02-02 01:38:31
77,740,834,Cancelled,2025-04-12 14:40:17
78,349,811,Pending,2024-09-24 15:25:35
79,321,867,Confirmed,2025-08-13 11:40:29
80,440,789,Cancelled,2024-09-21 16:05:37
81,215,450,Cancelled,2025-04-27 10:54:13
82,874,572,Pending,2023-10-29 15:51:07
83,384,143,Confirmed,2025-01-15 20:23:42
84,313,966,Pending,2025-08-19 16:05:17
85,512,830,Picked,2024-09-26 03:49:25
86,348,231,Cancelled,2024-11-17 11:18:08
87,436,703,Cancelled,2025-06-02 00:45:38
88,782,798,Picked,2024-07-14 22:28:32
89,334,602,Pending,2024-01-26 18:40:02
90,582,805,Pending,2024-07-18 16:47:32
91,945,143,Confirmed,2024-04-10 20:54:31
92,976,339,Cancelled,2025-07-18 00:03:41
93,391,210,Cancelled,2025-05-21 17:05:27
94,66,548,Cancelled,2024-12-31 19:48:44
95,193,487,Pending,2025-01-24 17:10:59
96,337,584,Cancelled,2023-11-22 21:21:08
97,655,917,Picked,2024-02-26 02:31:48
98,96,176,Pending,2025-09-12 21:20:09
99,692,567,Confirmed,2024-11-12 11:56:59
100,33,847,Cancelled,2024-06-09 12:18:07
101,28,192,Confirmed,2025-07-25 08:06:26
102,72,934,Cancelled,2024-05-29 09:49:38
103,291,211,Confirmed,2023-11-24 19:16:36
104,299,676,Pending,2024-03-26 06:40:46
105,466,59,Picked,2024-01-06 02:03:15
106,531,12,Confirmed,2025-08-02 03:33:16
107,335,881,Cancelled,2025-04-10 07:05:14
108,401,161,Pending,2024-09-24 15:03:38
109,133,550,Cancelled,2025-01-31 23:39:59
110,490,761,Pending,2025-02-17 18:00:51
111,399,979,Confirmed,2024-04-22 18:00:38
112,134,892,Confirmed,2024-04-14 07:02:06
113,318,443,Cancelled,2024-11-23 03:16:49
114,163,619,Picked,2025-03-08 08:23:02
115,602,208,Cancelled,2025-02-14 05:11:52
116,283,207,Pending,2024-06-19 04:52:13
117,147,457,Pending,2025-06-22 00:03:12
118,845,409,Confirmed,2025-03-28 13:07:27
119,539,337,Cancelled,2024-01-05 05:40:55
120,472,474,Pending,2025-06-11 12:25:23
121,755,94,Picked,2024-12-28 06:48:44
122,662,903,Cancelled,2024-07-07 11:19:25
123,356,718,Picked,2024-04-16 05:21:03
124,401,628,Confirmed,2024-05-08 07:37:50
125,426,256,Confirmed,2024-02-12 07:06:34
126,922,633,Cancelled,2025-03-07 03:55:53
127,469,394,Confirmed,2024-03-24 01:12:21
128,716,583,Pending,2024-03-10 06:35:00
129,403,716,Pending,2024-04-22 00:11:25
130,246,907,Confirmed,2024-04-18 08:49:00
131,281,904,Picked,2023-11-04 02:25:12
132,683,939,Pending,2024-02-15 23:50:46
133,715,744,Confirmed,2024-07-18 15:04:05
134,931,506,Cancelled,2025-04-12 08:16:43
135,781,567,Pending,2024-12-08 01:58:31
136,378,79,Pending,2025-02-20 18:40:44
137,517,785,Picked,2024-10-30 03:14:33
138,420,462,Confirmed,2024-07-10 12:27:20
139,259,213,Pending,2025-06-09 17:47:52
140,474,28,Pending,2024-06-16 05:44:59
141,655,712,Cancelled,2025-09-12 03:02:53
142,391,352,Cancelled,2023-11-21 06:41:07
143,877,200,Cancelled,2023-10-10 03:04:49
144,39,11,Picked,2024-11-14 02:03:10
145,118,727,Confirmed,2024-11-13 16:10:30
146,335,687,Cancelled,2025-01-15 20:21:46
147,497,473,Pending,2024-01-29 03:34:04
148,85,562,Confirmed,2025-02-05 21:16:07
149,731,973,Cancelled,2025-06-27 10:33:40
150,144,483,Picked,2023-12-22 05:48:01
151,862,166,Confirmed,2024-09-11 13:23:20
152,859,19,Pending,2023-12-16 11:24:22
153,182,302,Pending,2023-10-03 23:44:45
154,548,760,Cancelled,2025-08-25 18:48:47
155,173,80,Pending,2024-11-12 08:19:26
156,694,280,Confirmed,2025-03-01 23:07:32
157,452,367,Confirmed,2024-09-18 20:29:22
158,222,732,Pending,2024-05-02 07:07:30
159,915,692,Confirmed,2024-11-21 18:54:17
160,453,714,Pending,2024-06-11 10:06:57
161,857,651,Pending,2024-04-08 22:55:10
162,400,707,Picked,2023-12-04 04:40:07
163,455,54,Pending,2024-06-22 15:24:45
164,50,791,Cancelled,2025-01-12 08:27:55
165,786,207,Confirmed,2025-07-12 13:25:37
166,384,931,Confirmed,2025-02-04 00:24:21
167,205,94,Pending,2025-06-04 10:02:40
168,432,29,Pending,2025-06-04 12:29:26
169,346,841,Confirmed,2025-08-06 09:57:38
170,697,686,Pending,2025-05-06 14:09:09
171,226,982,Pending,2025-01-07 08:17:05
172,817,856,Confirmed,2024-09-03 12:03:48
173,742,172,Pending,2024-05-13 03:36:55
174,426,525,Pending,2025-03-09 14:09:35
175,836,335,Picked,2025-07-03 21:02:34
176,576,642,Confirmed,2024-08-06 04:24:46
177,640,213,Cancelled,2025-03-28 01:56:34
178,962,439,Pending,2023-10-11 12:58:04
179,238,219,Pending,2024-12-10 04:24:02
180,366,332,Confirmed,2025-05-03 22:03:38
181,16,412,Picked,2024-09-15 07:37:59
182,13,399,Confirmed,2025-03-14 10:24:49
183,470,226,Pending,2024-01-15 13:18:21
184,674,835,Picked,2025-07-04 05:31:27
185,666,639,Picked,2025-06-30 18:23:13
186,45,69,Confirmed,2024-06-21 23:44:46
187,421,309,Cancelled,2024-04-14 18:42:57
188,105,730,Confirmed,2024-10-24 19:35:11
189,258,983,Pending,2025-08-04 02:25:08
190,615,333,Cancelled,2024-10-22 02:03:23
191,695,947,Confirmed,2024-10-24 01:03:41
192,341,180,Picked,2024-06-15 16:30:51
193,872,683,Cancelled,2024-04-03 08:27:55
194,70,344,Pending,2024-11-03 03:22:47
195,624,934,Cancelled,2025-05-14 02:17:15
196,392,524,Confirmed,2024-11-30 18:38:28
197,516,602,Pending,2024-01-02 19:32:54
198,239,22,Pending,2025-05-03 07:27:45
199,317,243,Cancelled,2024-09-16 09:21:34
200,776,250,Pending,2025-06-10 13:05:30
201,62,141,Picked,2024-09-04 16:23:33
202,511,304,Confirmed,2024-11-22 22:26:30
203,156,385,Confirmed,2024-03-25 10:34:01
204,658,39,Confirmed,2024-07-15 04:30:08
205,946,743,Cancelled,2024-02-27 09:17:53
206,757,899,Picked,2024-01-11 09:33:35
207,138,285,Picked,2024-05-03 18:59:02
208,660,806,Pending,2024-10-03 04:30:32
209,534,811,Cancelled,2024-11-12 22:41:20
210,664,833,Picked,2023-12-03 19:20:32
211,769,25,Confirmed,2025-06-21 06:57:59
212,868,751,Picked,2025-07-19 05:06:16
213,351,249,Confirmed,2025-04-11 09:02:56
214,553,56,Confirmed,2023-12-28 21:01:41
215,821,704,Confirmed,2023-10-11 21:11:52
216,623,894,Cancelled,2025-07-21 21:37:13
217,534,330,Confirmed,2025-09-16 21:49:39
218,453,645,Pending,2025-03-01 08:45:22
219,67,891,Cancelled,2025-09-28 20:03:19
220,72,977,Confirmed,2024-01-02 20:28:20
221,54,650,Confirmed,2025-06-09 22:12:43
222,961,210,Confirmed,2024-08-29 15:52:49
223,94,178,Confirmed,2024-01-28 07:27:25
224,242,520,Pending,2023-12-30 14:16:24
225,437,743,Cancelled,2025-01-16 19:29:25
226,319,169,Confirmed,2024-11-09 23:12:59
227,251,435,Confirmed,2024-12-17 23:25:40
228,621,255,Picked,2025-08-08 21:32:40
229,293,591,Cancelled,2025-06-07 08:16:11
230,991,651,Confirmed,2024-10-09 23:54:08
231,279,884,Cancelled,2024-04-18 07:40:29
232,82,974,Picked,2025-05-31 11:14:32
233,408,387,Confirmed,2024-05-11 05:48:36
234,483,452,Cancelled,2024-08-25 05:19:59
235,518,625,Cancelled,2024-12-26 21:43:25
236,779,160,Cancelled,2025-05-21 14:53:28
237,21,781,Cancelled,2024-03-07 10:34:37
238,438,875,Pending,2023-12-11 19:43:37
239,778,929,Picked,2024-08-23 08:57:34
240,610,551,Confirmed,2024-12-10 17:07:40
241,567,745,Confirmed,2025-03-23 17:19:01
242,264,390,Cancelled,2023-12-10 22:14:02
243,314,465,Picked,2025-06-20 07:57:38
244,385,576,Cancelled,2025-08-10 00:23:45
245,74,342,Confirmed,2025-08-19 10:36:51
246,733,481,Confirmed,2025-07-12 22:25:28
247,159,939,Confirmed,2025-03-26 09:07:55
248,5,14,Picked,2024-06-26 20:14:10
249,504,415,Cancelled,2025-03-12 10:19:34
250,963,405,Picked,2025-03-10 02:12:21
251,394,502,Picked,2023-11-28 19:42:27
252,657,603,Pending,2024-07-30 12:42:25
253,419,907,Pending,2024-05-13 04:40:47
254,944,128,Cancelled,2025-01-23 06:36:49
255,955,580,Confirmed,2023-12-31 03:10:12
256,199,782,Cancelled,2025-04-08 22:34:38
257,981,262,Picked,2025-01-22 06:03:46
258,522,727,Cancelled,2023-10-17 13:55:28
259,651,706,Picked,2024-10-20 05:11:02
260,714,60,Cancelled,2023-11-08 12:51:45
261,949,435,Confirmed,2025-02-05 01:01:44
262,249,490,Pending,2024-04-30 07:55:04
263,944,833,Picked,2025-09-03 22:30:44
264,647,724,Pending,2024-05-05 22:46:45
265,715,682,Confirmed,2024-06-23 22:02:53
266,268,620,Cancelled,2023-12-31 23:59:42
267,967,698,Confirmed,2025-01-10 09:13:32
268,261,254,Confirmed,2025-03-22 15:15:19
269,13,120,Pending,2024-07-21 12:29:43
270,660,729,Cancelled,2024-05-14 01:35:53
271,408,724,Pending,2025-07-10 00:07:12
272,531,932,Confirmed,2024-12-23 05:45:25
273,898,434,Confirmed,2025-08-10 11:58:22
274,850,438,Picked,2024-02-20 08:14:03
275,709,310,Cancelled,2024-04-05 08:18:04
276,601,316,Cancelled,2025-05-07 04:11:10
277,771,898,Pending,2023-10-22 07:21:19
278,112,652,Picked,2024-07-24 08:50:25
279,834,147,Picked,2025-03-25 12:09:06
280,767,215,Cancelled,2024-08-28 14:40:21
281,716,316,Pending,2023-11-22 13:11:03
282,173,836,Cancelled,2025-07-24 05:36:45
283,2,100,Pending,2025-06-17 10:34:38
284,793,714,Cancelled,2025-01-23 23:21:18
285,538,427,Picked,2023-10-13 12:40:42
286,751,442,Confirmed,2023-12-30 22:01:09
287,181,384,Confirmed,2024-10-08 19:04:42
288,721,138,Confirmed,2025-02-21 06:43:17
289,499,187,Pending,2024-04-30 22:07:28
290,462,581,Confirmed,2025-06-01 02:58:29
291,191,206,Pending,2024-11-07 22:26:00
292,768,188,Confirmed,2025-08-06 06:25:30
293,266,924,Cancelled,2024-05-17 18:54:22
294,452,642,Pending,2024-02-07 05:57:58
295,890,652,Confirmed,2024-06-07 12:49:33
296,82,301,Pending,2024-02-05 06:40:46
297,387,128,Picked,2024-04-28 15:38:41
298,66,351,Pending,2025-07-30 14:21:11
299,600,241,Cancelled,2024-08-15 16:06:22
300,497,689,Pending,2025-07-18 22:00:12
301,10,63,Picked,2025-09-13 13:48:37
302,770,979,Pending,2025-09-18 07:51:06
303,682,597,Pending,2024-09-27 08:04:03
304,100,217,Pending,2024-01-03 14:30:43
305,385,618,Picked,2025-01-10 13:02:46
306,955,498,Cancelled,2024-03-20 05:44:41
307,776,346,Cancelled,2023-11-20 07:19:26
308,345,380,Picked,2024-07-26 04:14:42
309,323,837,Confirmed,2025-04-10 02:24:38
310,964,370,Cancelled,2025-09-11 11:14:05
311,388,626,Pending,2025-02-19 07:45:43
312,999,365,Picked,2025-06-16 04:53:33
313,826,103,Pending,2024-05-20 03:46:00
314,468,892,Cancelled,2025-07-04 17:14:44
315,743,856,Confirmed,2024-10-15 15:27:13
316,27,617,Pending,2025-09-10 13:30:50
317,890,544,Picked,2024-03-05 07:10:41
318,974,717,Confirmed,2025-03-19 22:24:21
319,378,463,Cancelled,2024-12-26 10:20:32
320,528,424,Confirmed,2023-10-21 21:54:59
321,4,654,Picked,2025-05-23 06:52:48
322,18,649,Picked,2024-11-16 19:55:08
323,895,47,Picked,2024-10-09 04:28:43
324,695,455,Confirmed,2024-07-02 20:32:41
325,622,497,Cancelled,2024-02-29 12:34:33
326,757,628,Pending,2024-06-23 03:12:10
327,357,439,Cancelled,2024-11-20 06:22:57
328,675,878,Pending,2025-02-21 19:52:08
329,752,395,Picked,2024-12-14 01:17:45
330,622,200,Confirmed,2024-12-10 20:04:27
331,891,533,Pending,2024-03-09 04:30:50
332,131,510,Pending,2024-02-05 15:31:37
333,309,853,Cancelled,2025-04-18 17:04:05
334,173,918,Cancelled,2024-05-02 03:15:15
335,978,119,Cancelled,2024-03-12 20:14:02
336,679,554,Confirmed,2024-06-14 18:36:40
337,250,217,Confirmed,2025-03-03 21:15:13
338,772,967,Pending,2025-01-12 20:33:24
339,109,446,Pending,2025-09-22 13:13:15
340,165,952,Picked,2025-08-30 14:35:40
341,925,393,Picked,2025-04-16 16:15:21
342,226,737,Picked,2025-07-04 22:37:51
343,682,488,Pending,2024-07-09 13:08:26
344,682,140,Cancelled,2025-09-13 03:51:01
345,93,815,Picked,2025-09-29 07:47:18
346,893,230,Pending,2023-12-30 00:36:16
347,660,352,Cancelled,2024-04-02 23:53:49
348,933,735,Cancelled,2024-02-28 02:01:06
349,670,658,Cancelled,2024-03-26 18:41:03
350,828,239,Confirmed,2023-11-25 15:22:30
351,266,119,Picked,2025-09-03 12:30:31
352,90,115,Pending,2025-04-10 16:42:04
353,349,759,Confirmed,2025-09-26 13:52:33
354,763,965,Pending,2024-08-15 04:13:18
355,587,377,Confirmed,2025-05-01 20:51:12
356,874,321,Cancelled,2025-01-09 01:55:38
357,591,755,Pending,2024-07-18 09:35:48
358,319,64,Confirmed,2025-09-06 15:16:52
359,868,398,Cancelled,2024-04-28 09:10:28
360,328,790,Picked,2024-03-03 10:25:41
361,817,696,Confirmed,2024-01-14 12:12:24
362,533,680,Confirmed,2024-04-09 23:16:26
363,110,405,Pending,2024-02-22 08:32:01
364,552,873,Cancelled,2024-05-04 04:08:32
365,324,149,Picked,2024-08-20 11:26:15
366,858,225,Cancelled,2024-12-16 06:38:21
367,697,467,Confirmed,2024-03-21 07:27:25
368,616,291,Confirmed,2024-07-01 08:05:35
369,765,682,Pending,2024-07-05 09:29:06
370,614,328,Picked,2024-01-06 16:19:39
371,515,706,Pending,2024-08-22 21:55:22
372,281,869,Cancelled,2025-01-24 05:55:28
373,647,849,Confirmed,2024-10-22 09:06:19
374,507,299,Cancelled,2024-12-04 08:53:06
375,61,830,Picked,2024-11-07 01:53:07
376,157,848,Confirmed,2025-06-09 02:39:41
377,869,751,Confirmed,2024-03-02 11:19:42
378,718,754,Pending,2025-02-24 03:58:29
379,946,887,Confirmed,2025-09-23 06:53:41
380,878,500,Cancelled,2024-10-22 18:25:22
381,307,835,Confirmed,2025-06-24 20:27:45
382,23,562,Cancelled,2025-07-03 18:23:23
383,346,433,Cancelled,2024-10-04 17:41:35
384,357,776,Cancelled,2024-10-11 05:13:09
385,401,74,Picked,2025-06-12 17:01:12
386,290,714,Confirmed,2024-02-02 12:45:03
387,718,877,Cancelled,2025-05-15 06:46:00
388,100,135,Picked,2023-11-13 11:47:26
389,771,811,Pending,2024-05-29 03:38:00
390,871,958,Picked,2024-03-29 13:00:36
391,469,671,Confirmed,2025-09-19 14:02:07
392,592,141,Cancelled,2024-12-12 22:15:51
393,713,495,Picked,2024-10-23 11:42:23
394,919,149,Confirmed,2025-07-28 21:29:47
395,224,824,Confirmed,2024-01-04 16:33:04
396,753,667,Pending,2024-10-26 20:26:36
397,371,744,Pending,2024-11-04 05:16:07
398,695,805,Confirmed,2024-12-02 03:31:07
399,386,974,Cancelled,2025-03-13 07:55:01
400,696,862,Confirmed,2024-05-01 22:41:36
401,949,58,Pending,2024-01-20 23:32:45
402,365,998,Cancelled,2024-09-28 09:00:45
403,184,968,Pending,2025-07-20 20:01:59
404,121,528,Picked,2023-12-28 05:36:32
405,608,445,Confirmed,2025-04-27 14:20:24
406,643,740,Cancelled,2024-07-20 21:29:50
407,251,35,Pending,2025-04-17 12:44:08
408,247,407,Cancelled,2025-01-30 00:17:27
409,310,705,Confirmed,2024-08-28 09:04:53
410,669,764,Cancelled,2024-06-04 14:49:02
411,795,709,Pending,2024-08-21 05:19:29
412,797,475,Cancelled,2024-05-08 19:59:17
413,282,648,Cancelled,2025-09-23 15:06:55
414,377,12,Pending,2024-07-04 19:55:57
415,120,85,Pending,2024-07-08 01:00:06
416,501,657,Confirmed,2025-04-24 20:44:53
417,24,601,Cancelled,2024-03-20 04:51:12
418,281,711,Pending,2025-06-07 07:26:56
419,814,608,Confirmed,2025-01-10 05:57:18
420,394,496,Cancelled,2025-07-31 00:06:34
421,306,586,Confirmed,2024-02-05 23:46:21
422,102,334,Pending,2024-11-10 13:01:00
423,731,931,Confirmed,2024-04-22 11:53:04
424,416,833,Pending,2023-10-17 06:31:26
425,404,570,Cancelled,2025-08-11 08:18:49
426,66,532,Pending,2024-03-08 17:15:16
427,772,772,Confirmed,2024-04-26 18:42:49
428,989,675,Pending,2024-10-15 03:01:09
429,186,883,Confirmed,2024-09-02 21:51:52
430,6,569,Cancelled,2025-09-28 12:58:30
431,820,322,Pending,2025-01-09 05:12:31
432,41,132,Confirmed,2024-08-09 17:08:13
433,669,166,Pending,2024-05-22 18:08:10
434,576,263,Pending,2025-04-30 14:18:33
435,87,128,Picked,2024-07-17 01:06:07
436,373,990,Confirmed,2025-03-24 17:53:02
437,434,968,Pending,2024-04-26 19:18:00
438,255,308,Pending,2025-09-24 10:34:45
439,969,969,Picked,2025-07-18 21:28:06
440,675,547,Cancelled,2024-05-27 18:05:52
441,144,591,Cancelled,2023-10-03 06:00:50
442,712,321,Picked,2024-08-22 10:31:13
443,621,552,Confirmed,2024-08-03 04:52:48
444,705,102,Pending,2024-11-08 01:24:15
445,243,38,Confirmed,2025-01-06 07:27:18
446,146,307,Confirmed,2025-01-04 10:05:29
447,981,138,Confirmed,2025-04-20 02:12:42
448,606,368,Picked,2024-05-22 18:58:25
449,132,747,Cancelled,2024-01-27 00:30:39
450,77,564,Picked,2024-06-23 01:03:31
451,267,391,Confirmed,2024-03-19 06:40:49
452,410,468,Pending,2024-02-05 08:51:08
453,968,261,Cancelled,2024-11-06 01:49:21
454,963,712,Confirmed,2024-02-26 13:40:06
455,549,209,Pending,2024-08-06 04:15:21
456,645,751,Picked,2024-12-27 20:37:42
457,649,714,Confirmed,2024-03-31 06:29:34
458,732,382,Confirmed,2023-10-07 03:14:58
459,430,842,Confirmed,2025-08-07 08:55:55
460,324,807,Cancelled,2025-01-31 00:00:43
461,389,27,Confirmed,2024-12-05 16:19:29
462,80,277,Pending,2023-10-26 06:47:10
463,545,113,Cancelled,2023-11-28 22:48:25
464,68,338,Pending,2023-12-18 01:23:36
465,372,932,Picked,2025-02-16 22:42:46
466,797,280,Confirmed,2025-03-05 04:36:47
467,890,818,Confirmed,2025-07-13 00:46:47
468,281,11,Pending,2024-11-26 00:54:29
469,387,993,Confirmed,2024-10-16 23:56:38
470,388,975,Pending,2024-02-15 17:18:29
471,802,948,Pending,2023-12-29 23:28:00
472,180,540,Picked,2025-02-19 09:35:37
473,603,842,Cancelled,2024-02-27 07:46:47
474,98,542,Picked,2024-12-16 20:48:07
475,718,586,Picked,2024-11-28 02:00:23
476,565,278,Pending,2025-04-19 12:38:19
477,919,50,Confirmed,2024-02-26 18:43:29
478,326,970,Cancelled,2025-04-21 00:35:40
479,186,354,Cancelled,2023-10-16 04:14:43
480,489,607,Confirmed,2025-09-16 16:02:37
481,266,10,Confirmed,2024-02-07 14:48:15
482,674,130,Confirmed,2023-10-30 16:59:15
483,388,582,Picked,2025-03-25 13:01:55
484,55,941,Picked,2023-10-25 13:37:07
485,725,797,Confirmed,2025-06-23 06:52:12
486,695,624,Cancelled,2024-07-03 18:19:58
487,724,469,Confirmed,2024-08-30 09:13:12
488,450,363,Cancelled,2025-02-01 00:10:38
489,515,294,Picked,2025-02-16 06:11:30
490,976,439,Confirmed,2024-06-24 02:43:43
491,313,651,Pending,2024-09-14 10:25:05
492,971,313,Cancelled,2025-08-21 05:18:34
493,790,321,Pending,2025-07-05 13:31:41
494,650,82,Pending,2024-02-07 13:59:25
495,748,246,Pending,2025-03-02 21:22:33
496,170,590,Pending,2024-03-08 12:54:24
497,87,762,Picked,2024-11-22 22:36:39
498,568,952,Cancelled,2024-08-30 23:33:00
499,828,896,Pending,2025-03-03 23:57:57
500,986,972,Cancelled,2024-01-06 12:19:44
501,694,521,Confirmed,2024-08-14 19:19:42
502,492,510,Pending,2025-04-24 18:08:28
503,416,15,Confirmed,2023-11-08 22:26:46
504,933,852,Pending,2023-12-01 02:35:39
505,732,436,Picked,2024-11-29 06:39:06
506,251,757,Pending,2025-07-01 23:00:27
507,622,460,Confirmed,2024-08-31 14:30:51
508,691,953,Confirmed,2023-11-26 04:09:26
509,180,77,Picked,2024-12-27 15:05:05
510,860,137,Picked,2023-12-25 19:37:58
511,976,53,Cancelled,2025-08-19 17:32:42
512,508,389,Confirmed,2025-07-25 23:01:36
513,383,994,Pending,2024-04-09 08:35:44
514,347,936,Confirmed,2025-07-07 02:58:13
515,852,553,Pending,2025-05-21 17:22:54
516,298,307,Cancelled,2025-04-20 14:21:27
517,301,272,Confirmed,2025-09-21 18:26:08
518,3,756,Cancelled,2025-07-21 14:17:59
519,223,946,Picked,2025-05-11 21:48:37
520,952,956,Pending,2025-07-22 01:15:39
521,958,475,Cancelled,2024-09-01 19:39:49
522,59,365,Pending,2025-03-11 21:55:14
523,631,472,Picked,2024-04-30 03:59:38
524,306,363,Pending,2023-11-17 21:32:24
525,6,359,Confirmed,2025-03-22 01:00:56
526,412,364,Pending,2024-08-18 18:38:36
527,104,442,Cancelled,2025-01-05 05:08:54
528,203,87,Confirmed,2024-06-17 06:22:22
529,421,127,Cancelled,2024-11-26 02:18:32
530,8,160,Picked,2023-10-27 19:40:02
531,232,482,Cancelled,2025-06-01 06:56:39
532,384,307,Picked,2024-07-09 11:58:58
533,439,914,Confirmed,2025-05-03 15:11:24
534,550,832,Picked,2025-09-09 20:27:13
535,112,450,Cancelled,2023-11-30 09:52:35
536,166,144,Picked,2024-11-03 15:20:04
537,766,445,Pending,2025-06-30 01:43:21
538,368,905,Confirmed,2024-05-31 00:21:44
539,114,195,Picked,2023-11-07 22:59:42
540,42,137,Cancelled,2024-05-20 01:08:30
541,432,762,Picked,2025-02-14 04:09:37
542,923,33,Confirmed,2024-10-20 14:24:58
543,683,204,Cancelled,2025-09-07 10:11:43
544,983,682,Picked,2024-10-15 19:05:01
545,122,432,Cancelled,2024-04-07 08:08:58
546,564,508,Confirmed,2024-07-04 00:10:56
547,333,770,Cancelled,2023-10-30 17:28:37
548,514,744,Cancelled,2024-04-02 20:49:12
549,135,113,Pending,2025-06-21 02:13:34
550,812,22,Confirmed,2024-01-04 20:19:09
551,160,353,Pending,2024-11-04 01:10:23
552,786,701,Confirmed,2025-06-03 17:24:27
553,54,695,Picked,2024-11-16 17:25:05
554,440,1000,Pending,2024-05-24 11:16:14
555,445,492,Picked,2024-12-31 23:45:27
556,289,498,Pending,2024-09-24 04:24:13
557,780,440,Confirmed,2025-07-09 16:50:33
558,633,157,Confirmed,2024-05-17 16:51:11
559,256,288,Pending,2023-11-21 13:53:08
560,885,270,Confirmed,2024-07-30 03:13:34
561,683,841,Cancelled,2024-03-24 15:57:30
562,204,486,Pending,2024-02-21 16:38:26
563,718,748,Confirmed,2024-02-08 01:44:34
564,194,876,Confirmed,2024-11-14 18:09:58
565,235,124,Confirmed,2024-06-01 19:56:48
566,411,40,Picked,2024-07-04 08:31:19
567,197,952,Confirmed,2024-08-13 13:38:28
568,437,19,Confirmed,2025-07-29 18:30:16
569,94,886,Pending,2025-09-18 23:55:35
570,390,418,Picked,2025-09-09 18:10:32
571,717,649,Confirmed,2024-03-24 13:16:06
572,228,345,Cancelled,2025-07-01 23:57:37
573,491,63,Cancelled,2024-03-29 16:17:29
574,660,53,Picked,2024-08-25 23:29:01
575,113,276,Picked,2024-08-14 12:29:55
576,288,966,Picked,2025-07-05 03:03:23
577,729,429,Confirmed,2025-07-22 20:33:51
578,328,917,Pending,2025-08-22 20:04:50
579,187,42,Pending,2025-03-01 07:59:46
580,54,677,Picked,2023-10-06 16:59:10
581,218,293,Cancelled,2025-06-25 16:42:43
582,287,931,Pending,2025-08-13 19:41:04
583,442,190,Picked,2024-02-22 15:24:56
584,972,504,Picked,2024-03-24 04:01:18
585,343,312,Pending,2024-06-19 13:54:28
586,100,686,Pending,2024-01-24 22:27:43
587,700,566,Confirmed,2025-08-09 19:01:20
588,340,370,Picked,2025-08-31 13:56:50
589,761,798,Picked,2025-04-20 01:23:31
590,244,666,Picked,2025-06-05 15:50:06
591,216,599,Cancelled,2023-12-13 22:42:07
592,90,909,Pending,2024-10-23 13:46:38
593,134,645,Pending,2025-02-03 17:43:45
594,43,601,Confirmed,2024-12-21 12:52:27
595,198,722,Cancelled,2025-02-24 16:38:02
596,948,102,Pending,2024-01-14 20:31:55
597,965,560,Picked,2025-08-24 04:26:39
598,309,743,Cancelled,2023-12-23 22:34:30
599,780,207,Confirmed,2024-01-02 09:39:40
600,45,131,Confirmed,2025-07-26 13:14:43
601,429,564,Picked,2024-12-09 10:04:51
602,913,899,Picked,2024-02-15 07:22:03
603,917,375,Cancelled,2024-11-21 02:56:35
604,645,735,Pending,2024-12-21 16:32:30
605,933,447,Pending,2023-11-25 19:24:30
606,495,430,Pending,2024-04-12 10:30:53
607,171,614,Picked,2023-10-24 03:38:43
608,714,991,Confirmed,2025-06-25 03:20:26
609,297,47,Pending,2025-03-29 23:36:54
610,814,996,Confirmed,2024-06-09 10:12:28
611,759,835,Cancelled,2023-11-29 12:52:28
612,507,702,Pending,2023-10-18 15:43:41
613,170,449,Cancelled,2024-01-31 07:44:10
614,576,799,Cancelled,2024-09-19 01:16:53
615,411,622,Picked,2023-12-08 14:37:52
616,212,189,Pending,2025-01-19 01:02:31
617,164,586,Confirmed,2023-10-16 14:37:19
618,607,714,Pending,2024-07-02 00:29:58
619,901,951,Cancelled,2025-09-01 06:03:49
620,516,725,Picked,2025-02-11 19:53:17
621,311,873,Confirmed,2024-11-10 12:46:18
622,304,726,Picked,2023-12-09 21:46:09
623,566,122,Confirmed,2024-04-25 22:18:51
624,230,47,Confirmed,2024-09-24 00:09:07
625,299,41,Confirmed,2025-08-06 12:38:21
626,965,905,Picked,2025-01-30 11:58:42
627,950,137,Picked,2024-12-22 10:38:00
628,895,810,Pending,2024-08-23 20:37:06
629,658,255,Confirmed,2025-03-04 13:17:56
630,548,119,Pending,2023-11-11 17:41:48
631,665,356,Picked,2025-04-04 22:54:50
632,333,86,Picked,2024-06-17 10:04:54
633,740,137,Cancelled,2024-07-21 17:17:08
634,920,627,Picked,2024-01-20 02:31:17
635,333,59,Pending,2024-04-08 19:27:22
636,844,365,Confirmed,2025-09-02 22:21:12
637,749,989,Picked,2024-03-19 09:38:44
638,181,263,Pending,2023-10-30 06:01:46
639,551,674,Pending,2025-01-03 18:04:16
640,740,764,Cancelled,2024-04-18 10:11:38
641,969,670,Picked,2024-09-23 04:32:44
642,891,642,Confirmed,2024-12-23 20:08:34
643,837,453,Confirmed,2025-04-30 08:34:03
644,333,276,Confirmed,2025-09-11 00:57:55
645,596,645,Cancelled,2025-04-04 16:18:07
646,160,457,Confirmed,2024-09-16 16:32:29
647,748,744,Cancelled,2024-08-11 16:24:33
648,378,152,Cancelled,2024-11-06 02:42:09
649,96,508,Confirmed,2024-11-14 23:33:11
650,471,190,Confirmed,2024-06-20 11:14:21
651,194,584,Cancelled,2025-04-18 21:38:24
652,966,747,Confirmed,2024-04-26 10:48:51
653,664,289,Pending,2024-03-04 06:59:38
654,318,167,Confirmed,2024-04-22 17:05:50
655,838,404,Confirmed,2025-06-08 08:58:40
656,72,147,Pending,2025-02-13 11:29:14
657,437,252,Cancelled,2024-07-28 07:56:37
658,931,661,Cancelled,2025-06-14 05:39:45
659,103,742,Confirmed,2025-07-31 12:10:48
660,745,769,Pending,2025-07-07 09:46:17
661,618,103,Cancelled,2024-05-02 14:01:12
662,394,22,Pending,2024-06-11 05:27:33
663,847,14,Pending,2024-10-29 22:13:05
664,136,255,Pending,2024-01-31 18:07:18
665,275,147,Pending,2025-01-19 02:08:22
666,812,990,Pending,2024-06-10 17:18:11
667,981,811,Pending,2024-04-20 20:07:34
668,556,754,Picked,2024-08-10 20:30:01
669,874,725,Pending,2025-07-15 23:15:48
670,208,143,Cancelled,2024-03-10 18:19:14
671,778,577,Cancelled,2025-08-05 03:11:41
672,836,168,Picked,2025-07-22 09:04:39
673,340,491,Confirmed,2024-10-07 06:51:53
674,250,58,Picked,2024-03-12 06:43:43
675,643,557,Pending,2024-04-12 18:18:32
676,22,845,Pending,2024-03-21 11:37:07
677,106,558,Picked,2025-09-29 19:08:30
678,106,524,Cancelled,2023-10-10 13:33:37
679,146,2,Confirmed,2023-11-04 09:36:39
680,25,233,Cancelled,2024-03-23 21:40:53
681,395,151,Picked,2025-04-20 18:24:23
682,672,294,Confirmed,2023-10-08 06:18:24
683,944,901,Cancelled,2024-05-01 11:57:18
684,704,906,Pending,2024-09-21 07:55:36
685,504,174,Pending,2023-12-18 21:00:25
686,230,105,Picked,2024-07-24 22:47:49
687,366,79,Picked,2025-03-04 11:00:46
688,122,370,Pending,2024-08-12 11:58:21
689,918,45,Confirmed,2025-06-24 18:34:34
690,183,439,Picked,2025-08-17 13:59:33
691,615,186,Cancelled,2024-01-28 15:21:09
692,154,915,Picked,2024-04-02 21:04:05
693,640,838,Picked,2024-05-10 19:49:13
694,357,897,Pending,2025-02-20 11:15:32
695,278,939,Cancelled,2024-02-17 01:44:21
696,678,378,Picked,2024-07-13 03:57:15
697,831,929,Pending,2024-04-12 02:34:54
698,808,3,Confirmed,2025-05-03 11:13:32
699,797,672,Confirmed,2025-02-15 06:27:33
700,328,152,Cancelled,2025-07-09 12:13:39
701,458,739,Cancelled,2023-11-08 04:37:22
702,835,69,Pending,2024-01-04 18:58:46
703,592,438,Picked,2025-09-07 19:35:24
704,149,93,Picked,2024-01-08 13:47:10
705,131,187,Cancelled,2025-02-05 21:31:42
706,362,327,Cancelled,2024-11-14 16:51:18
707,435,493,Cancelled,2025-06-21 01:45:25
708,617,813,Picked,2025-02-02 12:48:59
709,142,822,Confirmed,2025-06-18 04:49:53
710,393,429,Cancelled,2023-12-11 03:46:55
711,552,547,Cancelled,2025-01-05 11:35:21
712,546,550,Confirmed,2024-05-13 16:48:02
713,394,86,Cancelled,2023-10-12 04:26:17
714,540,592,Confirmed,2025-05-09 00:25:40
715,720,90,Confirmed,2023-10-05 22:23:10
716,371,3,Confirmed,2023-12-26 06:24:27
717,872,18,Picked,2023-12-11 15:12:04
718,572,486,Confirmed,2024-01-16 14:02:41
719,944,113,Pending,2025-01-01 08:48:45
720,934,358,Picked,2024-06-26 01:33:26
721,870,870,Confirmed,2024-01-15 03:27:03
722,302,472,Confirmed,2023-11-11 22:55:25
723,856,874,Cancelled,2024-10-16 00:38:10
724,249,216,Confirmed,2025-03-01 11:34:14
725,58,765,Confirmed,2025-04-16 01:58:29
726,121,986,Confirmed,2024-10-27 08:28:33
727,387,751,Pending,2023-12-21 05:13:15
728,713,989,Cancelled,2024-11-21 17:59:49
729,381,56,Pending,2024-10-21 10:00:12
730,679,596,Pending,2025-04-24 20:28:45
731,489,858,Confirmed,2025-02-23 21:28:21
732,31,151,Picked,2024-05-16 17:56:55
733,145,81,Confirmed,2023-12-17 19:23:37
734,79,13,Cancelled,2024-05-25 12:42:09
735,154,784,Confirmed,2024-07-29 01:07:39
736,482,762,Confirmed,2024-06-29 03:55:21
737,767,541,Picked,2024-08-21 02:28:56
738,482,422,Picked,2025-07-05 15:04:53
739,455,801,Pending,2024-08-22 06:27:48
740,294,114,Confirmed,2025-02-19 19:30:15
741,62,903,Pending,2024-04-03 12:40:52
742,619,770,Confirmed,2024-09-16 21:14:23
743,516,165,Pending,2023-11-06 09:56:28
744,406,853,Cancelled,2024-10-20 06:58:19
745,697,971,Cancelled,2023-10-31 19:34:38
746,568,729,Picked,2025-02-04 13:03:34
747,942,586,Picked,2024-04-22 09:47:42
748,727,233,Cancelled,2025-05-20 19:10:07
749,954,161,Picked,2025-03-22 01:21:54
750,997,95,Cancelled,2024-04-02 23:31:26
751,974,129,Confirmed,2025-02-11 04:44:31
752,411,634,Pending,2025-02-26 05:50:33
753,225,402,Confirmed,2024-10-05 17:17:21
754,843,764,Pending,2024-03-02 11:20:52
755,837,710,Cancelled,2025-05-19 11:05:21
756,489,321,Cancelled,2025-09-20 13:56:09
757,848,390,Confirmed,2024-09-21 01:04:38
758,56,823,Picked,2025-04-01 14:46:43
759,663,435,Confirmed,2024-07-14 06:10:34
760,277,112,Pending,2023-12-04 21:05:03
761,80,372,Picked,2024-04-18 03:37:46
762,29,246,Picked,2024-04-03 05:14:51
763,167,555,Pending,2024-07-19 04:44:20
764,67,217,Pending,2024-04-05 20:25:00
765,775,932,Picked,2025-07-31 22:07:42
766,193,565,Confirmed,2024-06-08 08:47:25
767,654,952,Pending,2024-07-01 22:37:55
768,247,276,Pending,2025-05-01 07:32:34
769,584,579,Pending,2024-04-23 23:36:30
770,578,810,Cancelled,2024-08-30 08:31:43
771,47,50,Picked,2025-04-30 01:17:15
772,96,967,Picked,2024-02-08 08:10:40
773,9,366,Picked,2024-01-08 18:57:27
774,982,408,Confirmed,2024-01-29 05:44:59
775,323,770,Cancelled,2025-03-14 21:13:09
776,744,365,Confirmed,2024-11-21 18:48:29
777,720,691,Pending,2025-08-19 22:35:29
778,340,418,Pending,2025-04-05 14:28:13
779,515,827,Confirmed,2024-05-23 07:55:05
780,25,602,Cancelled,2024-09-22 19:11:20
781,489,601,Pending,2025-05-17 12:15:28
782,298,166,Confirmed,2025-09-19 17:04:53
783,699,475,Pending,2024-08-12 02:57:39
784,907,641,Pending,2024-07-29 12:04:28
785,976,736,Confirmed,2023-10-30 12:58:50
786,906,221,Confirmed,2023-11-15 16:59:11
787,788,736,Confirmed,2025-01-19 17:32:56
788,987,514,Picked,2024-10-15 03:20:03
789,459,805,Confirmed,2024-05-28 06:16:18
790,348,298,Picked,2025-06-01 12:31:18
791,639,877,Cancelled,2025-09-06 06:53:08
792,41,913,Cancelled,2025-09-02 12:08:53
793,245,214,Pending,2025-05-27 17:49:05
794,982,157,Cancelled,2024-12-24 04:48:54
795,100,825,Pending,2023-10-04 00:51:35
796,147,785,Picked,2024-12-22 22:45:08
797,561,889,Pending,2025-09-11 22:28:45
798,511,97,Cancelled,2025-09-14 19:26:33
799,322,174,Picked,2023-12-12 18:22:45
800,166,70,Picked,2025-02-16 00:11:56
801,591,373,Picked,2024-01-30 15:00:30
802,92,73,Confirmed,2024-07-24 12:39:52
803,728,791,Cancelled,2023-12-25 16:34:59
804,265,485,Picked,2025-01-15 23:17:21
805,782,898,Cancelled,2024-03-26 18:50:08
806,666,947,Confirmed,2024-07-19 00:42:43
807,963,127,Cancelled,2024-12-06 21:31:21
808,41,373,Picked,2023-12-18 03:29:10
809,411,419,Confirmed,2024-07-15 08:32:32
810,452,376,Picked,2023-12-20 12:48:29
811,383,86,Cancelled,2024-05-21 00:16:05
812,519,461,Picked,2023-12-16 22:03:30
813,899,897,Pending,2024-11-28 11:55:17
814,636,660,Pending,2025-06-04 14:08:33
815,759,810,Confirmed,2025-08-07 08:32:34
816,717,841,Pending,2024-07-16 22:37:09
817,159,874,Pending,2025-01-28 03:56:22
818,298,385,Confirmed,2025-07-04 16:23:38
819,584,409,Pending,2025-09-15 08:43:34
820,229,398,Cancelled,2024-05-20 19:13:13
821,686,96,Picked,2023-11-15 23:02:54
822,478,480,Cancelled,2023-11-16 17:18:58
823,112,88,Confirmed,2024-05-31 07:57:54
824,750,111,Cancelled,2024-11-01 17:12:41
825,787,444,Confirmed,2025-01-15 03:55:26
826,412,337,Pending,2025-06-17 13:22:27
827,325,351,Cancelled,2024-08-09 20:22:11
828,218,720,Cancelled,2024-06-19 05:28:53
829,118,286,Cancelled,2024-09-04 13:43:16
830,40,559,Confirmed,2023-10-08 22:54:21
831,972,482,Confirmed,2024-12-04 17:13:22
832,656,219,Picked,2024-04-14 02:27:50
833,582,33,Cancelled,2024-07-29 05:06:24
834,64,959,Picked,2024-12-13 08:11:44
835,809,441,Cancelled,2024-07-15 11:27:15
836,219,56,Confirmed,2024-04-30 06:35:09
837,889,24,Cancelled,2025-03-06 13:33:24
838,277,259,Confirmed,2024-05-01 06:43:18
839,86,146,Pending,2025-01-09 00:32:33
840,281,415,Pending,2025-07-30 19:54:52
841,306,895,Cancelled,2024-06-02 17:13:50
842,893,430,Confirmed,2025-09-05 15:46:26
843,686,915,Picked,2024-07-22 09:05:25
844,189,851,Pending,2025-05-03 00:52:41
845,95,917,Cancelled,2025-03-30 10:16:16
846,351,987,Picked,2025-09-04 20:39:02
847,169,204,Picked,2024-12-15 13:58:20
848,965,430,Cancelled,2025-07-04 07:40:20
849,487,549,Confirmed,2024-09-29 11:55:16
850,989,714,Cancelled,2024-09-26 01:12:19
851,364,935,Cancelled,2024-07-08 23:01:20
852,843,11,Confirmed,2024-07-15 04:14:52
853,80,741,Confirmed,2024-08-30 16:05:41
854,332,681,Picked,2025-09-11 20:36:27
855,15,155,Cancelled,2025-08-14 18:12:47
856,957,152,Cancelled,2025-05-17 13:53:21
857,886,325,Pending,2023-11-23 13:20:43
858,812,994,Cancelled,2024-02-04 12:34:09
859,270,534,Pending,2024-04-10 21:58:34
860,462,966,Confirmed,2024-05-16 12:00:23
861,650,461,Pending,2023-10-16 07:48:21
862,38,224,Confirmed,2023-11-07 04:04:02
863,431,714,Confirmed,2023-12-05 12:30:30
864,616,387,Confirmed,2025-05-11 04:09:31
865,357,215,Confirmed,2025-03-27 19:53:31
866,996,696,Pending,2024-06-13 13:26:23
867,380,834,Picked,2024-01-14 14:26:26
868,17,310,Picked,2024-02-18 17:46:33
869,515,839,Pending,2025-01-20 13:09:10
870,717,512,Cancelled,2023-10-23 07:57:29
871,424,421,Picked,2025-08-18 05:20:27
872,361,849,Cancelled,2024-05-18 01:28:32
873,536,998,Picked,2023-10-22 14:24:45
874,117,949,Confirmed,2025-02-02 09:30:09
875,470,439,Picked,2023-12-11 10:20:17
876,182,567,Confirmed,2024-07-06 10:35:01
877,556,447,Cancelled,2023-10-22 19:26:44
878,292,866,Cancelled,2024-10-11 20:24:20
879,650,291,Pending,2024-09-01 05:58:35
880,90,826,Pending,2024-02-08 01:31:00
881,92,666,Pending,2025-01-05 22:48:23
882,632,955,Cancelled,2025-04-12 18:27:36
883,107,509,Pending,2025-06-23 07:46:03
884,649,455,Pending,2024-04-29 20:48:53
885,684,297,Cancelled,2024-02-12 11:08:32
886,217,229,Cancelled,2023-10-20 23:04:36
887,565,391,Pending,2023-12-18 05:07:58
888,201,877,Cancelled,2024-01-25 16:47:06
889,974,128,Picked,2025-05-03 22:01:40
890,991,813,Cancelled,2023-12-26 17:52:39
891,423,930,Cancelled,2024-09-23 10:22:14
892,8,963,Picked,2024-01-17 02:04:48
893,801,230,Picked,2025-05-28 10:25:09
894,275,901,Picked,2024-02-23 22:54:09
895,315,859,Cancelled,2023-11-04 15:03:47
896,690,248,Pending,2025-01-04 19:16:32
897,922,931,Cancelled,2024-05-23 08:35:15
898,34,16,Pending,2024-03-23 16:57:20
899,158,810,Picked,2024-04-18 13:29:08
900,861,837,Picked,2024-02-15 02:26:04
901,344,175,Cancelled,2024-02-25 11:41:39
902,248,570,Cancelled,2023-10-21 21:26:39
903,198,632,Cancelled,2024-11-08 02:23:27
904,849,53,Cancelled,2025-09-19 17:36:01
905,132,962,Cancelled,2024-01-17 15:37:47
906,746,178,Cancelled,2024-05-20 16:24:22
907,926,326,Confirmed,2025-08-04 15:02:25
908,448,237,Pending,2023-12-07 15:21:36
909,728,821,Confirmed,2025-03-08 19:23:41
910,517,122,Cancelled,2025-01-10 02:26:01
911,864,781,Picked,2024-12-01 04:50:34
912,858,567,Confirmed,2025-02-21 22:32:14
913,972,331,Confirmed,2024-07-08 02:29:21
914,96,96,Pending,2024-09-26 16:51:50
915,448,12,Confirmed,2024-09-20 18:02:15
916,29,633,Pending,2025-04-19 22:34:45
917,586,392,Pending,2024-11-03 15:26:51
918,761,752,Confirmed,2024-10-05 13:34:29
919,465,650,Picked,2024-03-14 19:11:10
920,192,246,Confirmed,2024-05-14 05:36:10
921,305,199,Confirmed,2023-12-27 15:27:45
922,744,799,Cancelled,2025-03-05 20:50:38
923,789,267,Pending,2025-04-10 10:48:56
924,282,85,Confirmed,2024-04-05 21:24:56
925,643,24,Pending,2024-09-13 06:01:48
926,114,471,Pending,2024-01-26 16:15:35
927,110,146,Picked,2024-03-12 09:44:17
928,269,917,Confirmed,2023-11-02 13:38:03
929,96,80,Cancelled,2025-04-12 05:06:32
930,865,371,Confirmed,2025-03-31 20:20:13
931,401,104,Cancelled,2024-09-21 20:07:14
932,815,23,Cancelled,2024-03-26 08:44:53
933,76,499,Pending,2024-06-03 20:54:12
934,216,704,Cancelled,2024-10-19 20:22:05
935,385,912,Picked,2023-12-19 05:37:54
936,649,931,Cancelled,2025-02-09 01:45:38
937,828,165,Confirmed,2024-03-15 12:36:08
938,306,11,Confirmed,2024-07-31 23:30:22
939,676,581,Pending,2025-04-26 04:43:31
940,121,1000,Picked,2023-11-25 06:18:35
941,356,496,Pending,2024-10-26 03:37:47
942,163,535,Picked,2024-09-12 06:23:46
943,949,125,Confirmed,2024-09-29 03:10:29
944,621,31,Pending,2024-04-17 05:43:56
945,531,525,Confirmed,2024-12-24 18:10:11
946,222,888,Picked,2024-10-23 05:28:25
947,118,921,Confirmed,2024-11-05 03:33:44
948,31,336,Confirmed,2025-09-08 15:26:49
949,226,86,Confirmed,2025-07-21 06:34:11
950,275,281,Cancelled,2025-01-04 23:22:14
951,205,977,Pending,2024-07-08 09:24:57
952,357,726,Picked,2024-03-13 03:15:25
953,479,764,Cancelled,2025-05-02 20:23:33
954,447,525,Cancelled,2025-08-06 07:16:51
955,945,198,Picked,2025-08-08 03:18:59
956,178,203,Picked,2025-03-16 04:49:19
957,985,403,Pending,2024-07-11 05:47:27
958,598,813,Picked,2025-09-06 22:47:53
959,170,814,Confirmed,2025-09-24 04:40:19
960,977,740,Cancelled,2024-02-06 13:22:30
961,444,905,Cancelled,2024-06-08 04:27:43
962,434,611,Picked,2024-11-20 07:08:47
963,836,327,Pending,2024-06-06 12:20:50
964,622,393,Cancelled,2025-08-07 07:08:13
965,205,581,Picked,2024-04-11 15:22:57
966,383,920,Pending,2025-06-22 00:32:37
967,461,172,Pending,2024-06-06 04:48:56
968,982,524,Picked,2024-06-10 06:24:55
969,601,420,Picked,2025-02-07 10:34:18
970,619,847,Picked,2025-04-27 06:09:19
971,408,31,Pending,2025-01-25 05:03:55
972,185,829,Picked,2024-12-19 01:24:51
973,440,810,Confirmed,2024-06-23 10:27:55
974,367,252,Pending,2024-01-04 01:17:17
975,221,673,Picked,2024-06-03 12:21:08
976,381,149,Picked,2024-04-29 19:38:11
977,126,10,Picked,2023-12-23 18:05:30
978,705,12,Picked,2024-05-16 07:56:41
979,219,477,Picked,2024-04-12 15:30:28
980,921,239,Pending,2024-08-24 21:50:14
981,395,291,Confirmed,2025-09-23 22:16:06
982,540,223,Pending,2023-11-13 21:05:52
983,575,285,Pending,2024-05-14 07:49:22
984,588,915,Cancelled,2024-04-06 05:57:51
985,699,775,Cancelled,2024-12-01 05:49:17
986,326,833,Picked,2024-10-19 21:20:41
987,203,202,Pending,2024-01-09 16:05:45
988,822,506,Cancelled,2025-08-24 02:41:04
989,48,282,Cancelled,2024-05-12 18:09:22
990,123,128,Cancelled,2024-04-02 15:45:12
991,176,616,Picked,2023-10-04 16:12:36
992,606,393,Confirmed,2024-11-25 18:41:11
993,591,22,Picked,2024-11-04 02:29:45
994,19,660,Pending,2024-05-18 09:26:38
995,934,473,Picked,2024-12-09 15:05:30
996,135,862,Cancelled,2025-05-12 17:16:03
997,38,918,Pending,2024-08-12 00:00:28
998,346,661,Pending,2025-04-22 09:24:34
999,72,482,Pending,2023-10-28 05:04:21
1000,850,822,Cancelled,2024-08-28 22:26:53
